{
  "0.8B": {
    "accuracy": 0.46153846153846156,
    "confusion": 1
  },
  "4B": {
    "accuracy": 0.6153846153846154,
    "confusion": 2
  }
}