{
  "A_uniform": {
    "p1": {
      "memory": 0.26666666666666666,
      "sanity": 0.8
    },
    "p1p2": {
      "memory": 0.4,
      "sanity": 0.6
    }
  },
  "B_cms_1_5": {
    "p1": {
      "memory": 0.06666666666666667,
      "sanity": 1.0
    },
    "p1p2": {
      "memory": 0.26666666666666666,
      "sanity": 0.8
    }
  },
  "C_cms_1_10": {
    "p1": {
      "memory": 0.06666666666666667,
      "sanity": 1.0
    },
    "p1p2": {
      "memory": 0.4,
      "sanity": 0.8
    }
  },
  "D_lr_diff": {
    "p1": {
      "memory": 0.06666666666666667,
      "sanity": 1.0
    },
    "p1p2": {
      "memory": 0.13333333333333333,
      "sanity": 0.8
    }
  },
  "E_3adapter": {
    "p1": {
      "memory": 0.2,
      "sanity": 0.8
    },
    "p1p2": {
      "memory": 0.4,
      "sanity": 0.4
    }
  }
}