{
  "P1_s50": {
    "memory": 0.2,
    "sanity": 1.0
  },
  "P1_s100": {
    "memory": 0.26666666666666666,
    "sanity": 1.0
  },
  "P1_s150": {
    "memory": 0.4,
    "sanity": 0.8
  },
  "P1_s200": {
    "memory": 0.6,
    "sanity": 0.8
  },
  "P1_s250": {
    "memory": 0.4,
    "sanity": 0.8
  },
  "P1P2": {
    "memory": 0.3333333333333333,
    "sanity": 0.6
  }
}